song,link
In My Secret Life,https://music.163.com/song?id=20954450
You Have Loved Enough,https://music.163.com/song?id=20954457
A Thousand Kisses Deep,https://music.163.com/song?id=20954451
I'm Your Man,https://music.163.com/song?id=20954632
My Oh My,https://music.163.com/song?id=29378372
Hallelujah,https://music.163.com/song?id=20954641
Did I Ever Love You,https://music.163.com/song?id=29378376
Suzanne,https://music.163.com/song?id=20954417
Anthem,https://music.163.com/song?id=20954557
Boogie Street,https://music.163.com/song?id=20954458
By the Rivers Dark,https://music.163.com/song?id=20954455
Famous Blue Raincoat,https://music.163.com/song?id=1646819
You Want It Darker,https://music.163.com/song?id=436487071
Love Itself,https://music.163.com/song?id=20954454
Chelsea Hotel #2,https://music.163.com/song?id=1646685
Here It Is,https://music.163.com/song?id=20954453
Dance Me to the End of Love,https://music.163.com/song?id=20954637
Everybody Knows,https://music.163.com/song?id=20954631
Waiting For The Miracle,https://music.163.com/song?id=5057788
Treaty,https://music.163.com/song?id=436487072
Alexandra Leaving,https://music.163.com/song?id=20954456
Going Home,https://music.163.com/song?id=20954062
Darkness,https://music.163.com/song?id=20954415
Traveling Light,https://music.163.com/song?id=436487076
The Letters,https://music.163.com/song?id=20954187
Nevermind,https://music.163.com/song?id=29378373
Leaving the Table,https://music.163.com/song?id=436487074
The Goal,https://music.163.com/song?id=1391643241
That Don't Make It Junk,https://music.163.com/song?id=20954452
Almost Like the Blues,https://music.163.com/song?id=28965814
If I Didn't Have Your Love,https://music.163.com/song?id=436487075
"Dance Me To The End Of Love (Live in Fredericton, 2008)",https://music.163.com/song?id=1645795
The Future,https://music.163.com/song?id=20954553
Who By Fire,https://music.163.com/song?id=20954160
Ain't No Cure for Love,https://music.163.com/song?id=20954630
On the Level,https://music.163.com/song?id=436487073
Steer Your Way,https://music.163.com/song?id=436487078
The Land of Plenty,https://music.163.com/song?id=20954459
"So Long, Marianne",https://music.163.com/song?id=20954422
Bird on the Wire,https://music.163.com/song?id=20954440
"Chelsea Hotel (Live Nov 17, 2008; Royal Albert Hall, London, England)",https://music.163.com/song?id=20954140
Joan of Arc,https://music.163.com/song?id=1646827
Crazy To Love You,https://music.163.com/song?id=20954067
Slow,https://music.163.com/song?id=29378369
You Got Me Singing,https://music.163.com/song?id=29378375
One of Us Cannot Be Wrong,https://music.163.com/song?id=20954426
There For You,https://music.163.com/song?id=20954368
It Seemed the Better Way,https://music.163.com/song?id=436487077
Lullaby,https://music.163.com/song?id=20954070
Take This Waltz (Paris Version),https://music.163.com/song?id=20954633
